변수명,변수 설명,변수값 설명
ID,데이터 ID,
TYPE,조사유형(조사구/신축아파트/주택외거처),1. 조사구
,,2. 신축아파트
,,3. 주택외거처
TYPE1,"조사구 구분(일반조사구, 아파트 조사구)",1. 일반조사구
,,2. 아파트 조사구
SIDO,시도,11. 서울특별시
,,21. 부산광역시
,,22. 대구광역시
,,23. 인천광역시
,,24. 광주광역시
,,25. 대전광역시
,,26. 울산광역시
,,29. 세종특별자치시
,,31. 경기도
,,32. 강원도
,,33. 충청북도
,,34. 충청남도
,,35. 전라북도
,,36. 전라남도
,,37. 경상북도
,,38. 경상남도
,,39. 제주특별자치도
SIGUNGU,시군구,1. 강남구
,,2. 강동구
,,3. 강북구
,,4. 강서구
,,5. 관악구
,,6. 광진구
,,7. 구로구
,,8. 금천구
,,9. 노원구
,,10. 도봉구
,,11. 동대문구
,,12. 동작구
,,13. 마포구
,,14. 서대문구
,,15. 서초구
,,16. 성동구
,,17. 성북구
,,18. 송파구
,,19. 양천구
,,20. 영등포구
,,21. 용산구
,,22. 은평구
,,23. 종로구
,,24. 중구
,,25. 중랑구
Q1,문1. 귀하는 가구주나 가구주의 배우자이십니까?,1. 가구주
,,2. 가구주의 배우자
,,3. 기타
Q2_A,문2. 귀 댁의 가구주는 몇 년도부터 가구주가 되셨습니까?_년도,
Q3_A,"문3. 귀 댁의 가구주께서는 가구주가 된 이후, 언제부터 현재주택에 살았습니까?_년도",
Q4,문4. 귀 댁의 주택 유형은 무엇입니까?,1. 일반단독주택
,,2. 다가구단독주택
,,3. 영업겸용단독주택
,,4. 아파트
,,5. 연립주택
,,6. 다세대주택
,,7. 비거주용건물(상가ㆍ공장ㆍ여관 등)내 주택
,,8. 오피스텔
,,9. 고시원
,,10. 판잣집ㆍ비닐하우스ㆍ컨테이너ㆍ움막
,,11. 기타
Q4_O,(TEXT) 문4. (기타오픈) 귀 댁의 주택 유형은 무엇입니까?,
Q6,문6. 귀 댁의 주택 내 위치는 어디에 해당됩니까?,1. 지상
,,2. 반지하
,,3. 지하
,,4. 옥상(옥탑)
Q7,문7. 귀 댁의 점유형태는 어디에 해당됩니까?,1. 자가
,,2. 전세
,,3. 보증금 있는 월세
,,4. 보증금 없는 월세
,,5. 사글세 또는 연세
,,6. 일세
,,7. 무상
Q8,문8. 귀 댁은 가구주께서 가구주가 된 이후에 지금까지 한 번이라도 자가주택을 마련한 적이 있습니까?,1. 예
,,2. 아니오
Q8_1_A,문8-1. 귀 댁의 가구주는 가구주가 된 이후에 언제 생애최초로 주택을 마련 하셨습니까?_년도,
Q8_2,문8-2. 현재 거주하고 있는 주택이 생애최초로 마련한 주택입니까?,1. 예
,,2. 아니오
Q8_3,문8-3. 가구주가 된 이후 생애최초 주택을 마련하기까지 몇 년이나 걸렸습니까?_년,9999999. 모름/무응답
Q8_3_N2,문8-3. 가구주가 된 이후 생애최초 주택을 마련하기까지 몇 년이나 걸렸습니까?_개월,9999999. 모름/무응답
Q8_3_N3,문8-3. 가구주가 된 이후 생애최초 주택을 마련하기까지 몇 년이나 걸렸습니까?_총 개월,9999999. 모름/무응답
Q8_4_A,문8-4. 생애최초로 마련한 주택 면적은 얼마입니까?_평수,9999999. 모름/무응답
Q8_4_B,문8-4. 생애최초로 마련한 주택 면적은 얼마입니까?_㎡,9999999. 모름/무응답
Q9,문9. 귀 가구는 지금 사는 곳 이외에 가구주나 가구원의 이름으로 보유한 주택이 있습니까?,1. 있다
,,2. 없다
Q9_1,문9-1. 가구주가 된 이후 무주택 기간은 얼마나 되십니까?_년,
Q9_1_N2,문9-1. 가구주가 된 이후 무주택 기간은 얼마나 되십니까?_개월,
Q9_1_N3,문9-1. 가구주가 된 이후 무주택 기간은 얼마나 되십니까?_총 개월,
Q10_A,문10. 귀 댁의 가구주께서는 가구주가 된 이후 현재 주택을 언제 마련하셨습니까?_년도,
Q11,문11. 현재 살고 계신 주택을 어떻게 마련하셨습니까?,1. 신규주택 분양 또는 구입(재건축 포함)
,,2. 기존주택 구입
,,3. 개인주택을 신축
,,4. 증여나 상속
,,5. 기타
Q12_1,문12. 현재 살고 계신 주택의 가격은 얼마입니까? - 현재 주택가격(만원),9999999. 모름/무응답
Q12_2,문12. 현재 살고 계신 주택의 가격은 얼마입니까? - 매입/증여/상속 당시 주택가격(만원),9999999. 모름/무응답
Q13_1,문13. 현재 살고 계신 주택의 구입자금을 어떻게 마련하셨습니까? 1) 자기자금(만원),9999999. 모름/무응답
Q13_2,문13. 현재 살고 계신 주택의 구입자금을 어떻게 마련하셨습니까? 2) 금융기관에서 융자받은 금액(만원),9999999. 모름/무응답
Q13_3,문13. 현재 살고 계신 주택의 구입자금을 어떻게 마련하셨습니까? 3) 금융기관 외 다른 곳에서 빌린 금액(만원),9999999. 모름/무응답
Q13_4,"문13. 현재 살고 계신 주택의 구입자금을 어떻게 마련하셨습니까? 4) 부모, 친지 등으로부터 무상으로 받은 금액(만원)",9999999. 모름/무응답
Q14_1,문14. 현재 살고 계신 임대주택은 어떤 유형입니까?_1) 유형,1. 민간임대주택
,,2. 공공임대주택
,,3. 분양전환공공임대주택
,,4. 기타임대주택
Q14_1_O,(TEXT) 문14. (기타오픈) 현재 살고 계신 임대주택은 어떤 유형입니까?_1) 유형,
Q14_2_1,문14. 현재 살고 계신 임대주택은 어떤 유형입니까?_2) 공공임대주택_세부유형,1. 영구임대주택
,,2. 국민임대주택
,,3. 행복주택
,,4. 장기전세주택
,,5. 기존주택 매입/전세임대
,,6. 기타
Q14_2_1_O,(TEXT) 문14. (기타오픈) 현재 살고 계신 임대주택은 어떤 유형입니까?_2) 공공임대주택_세부유형,
Q15_A1,문15. 현재 살고 계신 주택의 임차료는 얼마입니까?_보증금(만원),9999999. 모름/무응답
Q15_B1,문15. 현재 살고 계신 주택의 임차료는 얼마입니까?_월세(만원),9999999. 모름/무응답
Q15_A,문15. 현재 살고 계신 주택의 임차료는 얼마입니까?_전세보증금,9999999. 모름/무응답
Q15_B_1,문15. 현재 살고 계신 주택의 임차료는 얼마입니까?_보증금 있는 월세_보증금,9999999. 모름/무응답
Q15_B_2,문15. 현재 살고 계신 주택의 임차료는 얼마입니까?_보증금 있는 월세_월세,9999999. 모름/무응답
Q15_C,문15. 현재 살고 계신 주택의 임차료는 얼마입니까?_보증금 없는 월세(사글세/연세/일세 포함)_월세,9999999. 모름/무응답
Q15_1,문15-1. 최근 5년 이내 현재 살고 계신 주택에서 재계약한 적이 있었습니까?,1. 예
,,2. 아니오
Q15_1_1,"문15-1-1. 최근 5년 이내 현재 살고 계신 주택에서 재계약하셨을 때, 보증금 및 임차료 계약 내용이 변경되었습니까?",1. 예
,,2. 아니오
Q15_1_2_A1_Y,문15-1-2. 현재주택의 보증금 및 임차료는 어떻게 변동되었습니까?_현재 계약_계약시점(년)_(임차료 변경 있는 경우),
Q15_1_2_A1_M,문15-1-2. 현재주택의 보증금 및 임차료는 어떻게 변동되었습니까?_현재 계약_계약시점(월)_(임차료 변경 있는 경우),
Q15_1_2_A2,문15-1-2. 현재주택의 보증금 및 임차료는 어떻게 변동되었습니까?_현재 계약_보증금(만원)_(임차료 변경 있는 경우),9999999. 모름/무응답
Q15_1_2_A3,문15-1-2. 현재주택의 보증금 및 임차료는 어떻게 변동되었습니까?_현재 계약_월세(만원)_(임차료 변경 있는 경우),9999999. 모름/무응답
Q15_1_2_B1_Y,문15-1-2. 현재주택의 보증금 및 임차료는 어떻게 변동되었습니까?_직전 계약_계약시점(년)_(임차료 변경 있는 경우),
Q15_1_2_B1_M,문15-1-2. 현재주택의 보증금 및 임차료는 어떻게 변동되었습니까?_직전 계약_계약시점(월)_(임차료 변경 있는 경우),
Q15_1_2_B2,문15-1-2. 현재주택의 보증금 및 임차료는 어떻게 변동되었습니까?_직전 계약_보증금(만원)_(임차료 변경 있는 경우),9999999. 모름/무응답
Q15_1_2_B3,문15-1-2. 현재주택의 보증금 및 임차료는 어떻게 변동되었습니까?_직전 계약_월세(만원)_(임차료 변경 있는 경우),9999999. 모름/무응답
Q15_1_3_A1_Y,문15-1-3. 현재주택의 보증금 및 임차료는 어떻게 변동되었습니까?_현재 계약_계약시점(년)_(임차료 변경 없는 경우),
Q15_1_3_A1_M,문15-1-3. 현재주택의 보증금 및 임차료는 어떻게 변동되었습니까?_현재 계약_계약시점(월)_(임차료 변경 없는 경우),
Q15_1_3_B1_Y,문15-1-3. 현재주택의 보증금 및 임차료는 어떻게 변동되었습니까?_직전 계약_계약시점(년)_(임차료 변경 없는 경우),
Q15_1_3_B1_M,문15-1-3. 현재주택의 보증금 및 임차료는 어떻게 변동되었습니까?_직전 계약_계약시점(월)_(임차료 변경 없는 경우),
Q15_2,"문15-2. 귀 가구는 현재 거주하는 주택의 임대료 인상을 요구 받을 경우, 어떻게 하실 것 같습니까?",1. 인상수준을 보고 결정할 것이다
,,2. 인상 금액과 상관없이 다른 주택으로 옮길 것이다
Q15_2_A1,문15-2-1. 이 집에서 계속 살기 위해 현재 임차료에서 얼마까지 더 낼 수 있습니까?_전세_전세보증금 추가(만원),9999999. 모름/무응답
Q15_2_B1,문15-2-1. 이 집에서 계속 살기 위해 현재 임차료에서 얼마까지 더 낼 수 있습니까?_보증금 있는 월세_보증금 추가(만원),9999999. 모름/무응답
Q15_2_B2,문15-2-1. 이 집에서 계속 살기 위해 현재 임차료에서 얼마까지 더 낼 수 있습니까?_보증금 있는 월세_월세 추가(만원),9999999. 모름/무응답
Q15_2_C1,문15-2-1. 이 집에서 계속 살기 위해 현재 임차료에서 얼마까지 더 낼 수 있습니까?_보증금 없는 월세_월세 추가(만원),9999999. 모름/무응답
Q16_1,문16. 현재 살고 계신 주택 임차자금을 어떻게 마련하셨습니까? 1) 자기자금(만원),9999999. 모름/무응답
Q16_2,문16. 현재 살고 계신 주택 임차자금을 어떻게 마련하셨습니까? 2) 금융기관에서 융자받은 금액(만원),9999999. 모름/무응답
Q16_3,문16. 현재 살고 계신 주택 임차자금을 어떻게 마련하셨습니까? 3) 금융기관 외 다른 곳에서 빌린 금액(만원),9999999. 모름/무응답
Q16_4,"문16. 현재 살고 계신 주택 임차자금을 어떻게 마련하셨습니까? 4) 부모, 친지 등으로부터 무상으로 받은 금액(만원)",9999999. 모름/무응답
Q17_1,문17. 전세 또는 월세로 살면서 느끼는 불안감_1)계약기간 중 집주인이 나가달라고 요구하는 경우에 대한 불안감,1. 매우불안함
,,2. 조금불안함
,,3. 별로불안하지않음
,,4. 전혀불안하지않음
Q17_2,문17. 전세 또는 월세로 살면서 느끼는 불안감_2)계약기간 만료 후 집주인의 재계약 거부에 대한 불안감,1. 매우불안함
,,2. 조금불안함
,,3. 별로불안하지않음
,,4. 전혀불안하지않음
Q17_3,문17. 전세 또는 월세로 살면서 느끼는 불안감_3)재계약 시 상승할 임대료 또는 전세의 월세 전환에 대한 불안감,1. 매우불안함
,,2. 조금불안함
,,3. 별로불안하지않음
,,4. 전혀불안하지않음
Q17_4,문17. 전세 또는 월세로 살면서 느끼는 불안감_4)임대보증금을 돌려받지 못할 수도 있다는 불안감,1. 매우불안함
,,2. 조금불안함
,,3. 별로불안하지않음
,,4. 전혀불안하지않음
Q17_1_1,"문17-1. (전세, 보증금 있는 월세에 거주하고 있는 임차가구 응답) 현재 살고 계신 주택의 임차보증금 보호를 위해 어떤 방법을 사용하고 있습니까? 사용하고 계신 방법을 모두 골라 주십시오.",1. 확정일자 발급
,,2. 전세권 설정
,,3. 보증금 보험상품 가입
,,4. 기타
,,5. 없음
Q17_1_1_M2,"(M)2 문17-1. (전세, 보증금 있는 월세에 거주하고 있는 임차가구 응답) 현재 살고 계신 주택의 임차보증금 보호를 위해 어떤 방법을 사용하고 있습니까? 사용하고 계신 방법을 모두 골라 주십시오.",1. 확정일자 발급
,,2. 전세권 설정
,,3. 보증금 보험상품 가입
,,4. 기타
,,5. 없음
Q17_1_1_M3,"(M)3 문17-1. (전세, 보증금 있는 월세에 거주하고 있는 임차가구 응답) 현재 살고 계신 주택의 임차보증금 보호를 위해 어떤 방법을 사용하고 있습니까? 사용하고 계신 방법을 모두 골라 주십시오.",1. 확정일자 발급
,,2. 전세권 설정
,,3. 보증금 보험상품 가입
,,4. 기타
,,5. 없음
Q17_1_1_M4,"(M)4 문17-1. (전세, 보증금 있는 월세에 거주하고 있는 임차가구 응답) 현재 살고 계신 주택의 임차보증금 보호를 위해 어떤 방법을 사용하고 있습니까? 사용하고 계신 방법을 모두 골라 주십시오.",1. 확정일자 발급
,,2. 전세권 설정
,,3. 보증금 보험상품 가입
,,4. 기타
,,5. 없음
Q17_1_1_M5,"(M)5 문17-1. (전세, 보증금 있는 월세에 거주하고 있는 임차가구 응답) 현재 살고 계신 주택의 임차보증금 보호를 위해 어떤 방법을 사용하고 있습니까? 사용하고 계신 방법을 모두 골라 주십시오.",1. 확정일자 발급
,,2. 전세권 설정
,,3. 보증금 보험상품 가입
,,4. 기타
,,5. 없음
Q17_1_1O,"(TEXT) 문17-1. (기타 오픈)(전세, 보증금 있는 월세에 거주하고 있는 임차가구 응답) 현재 살고 계신 주택의 임차보증금 보호를 위해 어떤 방법을 사용하고 있습니까? 사용하고 계신 방법을 모두 골",
Q18,문18. 현재 거주하고 있는 주택의 임차료나 대출금을 매월 상환하는 것이 어느 정도 부담이 되십니까?,1. 매우 부담됨
,,2. 조금 부담됨
,,3. 별로 부담되지 않음
,,4. 전혀 부담되지 않음
,,5. 해당없음
Q19,문19. 현재 살고 계신 주택은 언제 지어졌습니까?,1. 2020년 1월 이후
,,2. 2017~2019년(건축연도 3~5년)
,,3. 2012~2016년(건축연도 6~10년)
,,4. 2007~2011년(건축연도 11~15년)
,,5. 2002~2006년(건축연도 16~20년)
,,6. 1997~2001년(건축연도 21~25년)
,,7. 1992~1996년(건축연도 26~30년)
,,8. 1991년 이전(건축연도 30년 초과)
,,9. 잘 모르겠음
Q20,문20. 귀 댁의 주택 구조는 어떻습니까?,1. 원룸형
,,2. 원룸형 아님
Q20_1,문20-1. 귀 댁의 주택은 입주당시부터 기본적인 가구 및 가전제품 등이 갖추어져 있었습니까?,1. 예
,,2. 아니오
Q20_2_1,"문20-2. 귀 댁의 방, 거실, 식당 수는 몇 개입니까?_1) 방",
Q20_2_2,"문20-2. 귀 댁의 방, 거실, 식당 수는 몇 개입니까? _2) 거실(대청마루)",
Q20_2_3,"문20-2. 귀 댁의 방, 거실, 식당 수는 몇 개입니까? _3) 식당(부엌이 딸린 식당 포함)",
Q21_1_A,문21. 귀 댁이 거주하시는 곳의 주택면적은 얼마입니까?_1)주택사용면적(전용면적)_평,9999999. 모름/무응답
Q21_1_B,문21. 귀 댁이 거주하시는 곳의 주택면적은 얼마입니까?_1)주택사용면적(전용면적)_㎡,9999999. 모름/무응답
Q21_2_A,문21. 귀 댁이 거주하시는 곳의 주택면적은 얼마입니까?_2)주택총면적(연면적)_평,9999999. 모름/무응답
Q21_2_B,문21. 귀 댁이 거주하시는 곳의 주택면적은 얼마입니까?_2)주택총면적(연면적)_㎡,9999999. 모름/무응답
Q21_3_A,문21. 귀 댁이 거주하시는 곳의 주택면적은 얼마입니까?_3)대지총면적_평,9999999. 모름/무응답
Q21_3_B,문21. 귀 댁이 거주하시는 곳의 주택면적은 얼마입니까?_3)대지총면적_㎡,9999999. 모름/무응답
Q22_1_1,문22-1-1. 귀댁의 주택 내부 시설 사용형태는 어떻습니까?_1)부엌_(1)사용 형태,1. 단독사용
,,2. 공동사용
,,3. 없음
Q22_1_2,문22-1-2. 귀댁의 주택 내부 시설 사용형태는 어떻습니까?_1)부엌_(2)종류,1. 입식
,,2. 재래식
Q22_2_1,문22-2-1. 귀댁의 주택 내부 시설 사용형태는 어떻습니까?_2)화장실_(1)사용 형태,1. 단독사용
,,2. 공동사용
,,3. 없음
Q22_2_2,문22-2-2. 귀댁의 주택 내부 시설 사용형태는 어떻습니까?_2)화장실_(2)종류,1. 수세식
,,2. 재래식
Q22_2_3,문22-2-3. 귀댁의 주택 내부 시설 사용형태는 어떻습니까?_2)화장실_(3)양변기 설치유무,1. 서양식양변기가 설치되어 있음
,,2. 서양식양변기가 설치되어 있지 않음
Q22_3_1,문22-3-1. 귀댁의 주택 내부 시설 사용형태는 어떻습니까?_3)목욕시설_(1)사용 형태,1. 단독사용
,,2. 공동사용
,,3. 없음
Q22_3_2,문22-3-2. 귀댁의 주택 내부 시설 사용형태는 어떻습니까?_3)목욕시설_(2)종류,1. 온수
,,2. 비온수
Q22_4_1,문22-4-1. 귀댁의 주택 내부 시설 사용형태는 어떻습니까?_4)상수도시설_(1)사용 형태,1. 연결되어 있음 (※ 수질이 양호한 지하수 이용시설 완비도 포함)
,,2. 연결되어 있지 않음
Q22_5_1,문22-5-1. 귀댁의 주택 내부 시설 사용형태는 어떻습니까?_5)하수 시설(정화조)_(1)사용 형태,1. 설치되어 있음
,,2. 설치되어 있지 않음
Q22_6_1,문22-6-1. 귀댁의 주택 내부 시설 사용형태는 어떻습니까?_6)난방시설_(1)사용 형태,1. 설치되어 있음
,,2. 설치되어 있지 않음
Q22_6_2,문22-6-2. 귀댁의 주택 내부 시설 사용형태는 어떻습니까?_6)난방시설_(2)종류,1. 중앙난방
,,2. 지역난방
,,3. 개별 기름보일러
,,"4. 개별 가스(도시가스, 프로판가스) 보일러"
,,"5. 개별 전기(보일러, 패널, 태양열, 지열 등) 보일러"
,,6. 개별 연탄보일러
,,"7. 기타(연탄ㆍ장작 등 재래식 아궁이, 대형 전기히터 등)"
Q22_7_1,문22-7-1. 귀댁의 주택 내부 시설 사용형태는 어떻습니까?_(7)취사연료_(1)사용 형태,1. 설치되어 있음
,,2. 설치되어 있지 않음
Q22_7_2,문22-7-2. 귀댁의 주택 내부 시설 사용형태는 어떻습니까?_(7)취사연료_(2)종류,1. 도시가스
,,2. 기름(석유 등)
,,3. 프로판가스(LPG)
,,"4. 전기(태영열, 지열 포함)"
,,5. 연탄
,,6. 기타(장작 등)
Q22_8_1,문22-8-1. 귀댁의 주택 내부 시설 사용형태는 어떻습니까?_(8)출입구(현관문)_(1)사용 형태,1. 단독사용
,,2. 공동사용
Q22_9_1,문22-9-1. 귀댁의 주택 내부 시설 사용형태는 어떻습니까?_(9)소방기구_(1)사용 형태,1. 설치되어 있음
,,2. 설치되어 있지 않음
Q22_9_2_1,문22-9-2. 귀 댁의 주택 내부 시설 사용형태는 어떻습니까? 9) 소방기구 종류별 설치 여부 에 대해 응답해주십시오.  - 소화기,1. 있음
,,2. 없음
Q22_9_2_2,문22-9-2. 귀 댁의 주택 내부 시설 사용형태는 어떻습니까? 9) 소방기구 종류별 설치 여부 에 대해 응답해주십시오.  - 화재경보기,1. 있음
,,2. 없음
Q22_9_2_3,문22-9-2. 귀 댁의 주택 내부 시설 사용형태는 어떻습니까? 9) 소방기구 종류별 설치 여부 에 대해 응답해주십시오.  - 소화전,1. 있음
,,2. 없음
Q22_9_2_4,문22-9-2. 귀 댁의 주택 내부 시설 사용형태는 어떻습니까? 9) 소방기구 종류별 설치 여부 에 대해 응답해주십시오.  - 기타(스프링클러 등),1. 있음
,,2. 없음
Q23_1,"문23. 현재주택 상태 만족도_1) 집의 구조물(견고, 균열 상태)",1. 불량
,,2. 조금불량
,,3. 조금양호
,,4. 양호
Q23_2,문23. 현재주택 상태 만족도_2) 방수 상태(습기가 많거나 빗물이 새는 정도),1. 불량
,,2. 조금불량
,,3. 조금양호
,,4. 양호
Q23_3,문23. 현재주택 상태 만족도_3) 난방 상태 및 단열 상태,1. 불량
,,2. 조금불량
,,3. 조금양호
,,4. 양호
Q23_4,"문23. 현재주택 상태 만족도_4) 환기 상태(창문 개폐 여부, 통풍 상태)",1. 불량
,,2. 조금불량
,,3. 조금양호
,,4. 양호
Q23_5,문23. 현재주택 상태 만족도_5) 채광 상태,1. 불량
,,2. 조금불량
,,3. 조금양호
,,4. 양호
Q23_6_1,"문23. 현재주택 상태 만족도_6-1) 주택 외부 소음(차량 경적, 공사장 소음 등)",1. 불량
,,2. 조금불량
,,3. 조금양호
,,4. 양호
Q23_6_2,문23. 현재주택 상태 만족도_6-2) 주택 내부 소음(층간소음 등)(공동주택인 경우만 응답),1. 불량
,,2. 조금불량
,,3. 조금양호
,,4. 양호
Q23_7,"문23. 현재주택 상태 만족도_7) 재난, 재해(산사태나 홍수, 지진 피해 등) 안전성",1. 불량
,,2. 조금불량
,,3. 조금양호
,,4. 양호
Q23_8,"문23. 현재주택 상태 만족도_8) 화재로부터의 안전성(화재예방 전기시설, 화재대피시설 유무)",1. 불량
,,2. 조금불량
,,3. 조금양호
,,4. 양호
Q23_9,문23. 현재주택 상태 만족도_9) 주택 방범상태(외부인의 주택 내 침입에 대한 안전성),1. 불량
,,2. 조금불량
,,3. 조금양호
,,4. 양호
Q23_10,"문23. 현재주택 상태 만족도_10) 주택 위생 상태(악취, 벌레 등)",1. 불량
,,2. 조금불량
,,3. 조금양호
,,4. 양호
Q24_1,문24. 현재주택 주거환경 만족도_1) 상업시설 접근용이성(시장/대형마트/백화점 등),1. 매우불만족
,,2. 약간불만족
,,3. 대체로만족
,,4. 매우만족
Q24_2,문24. 현재주택 주거환경 만족도_2) 의료시설 접근용이성(병원/의료복지시설 등),1. 매우불만족
,,2. 약간불만족
,,3. 대체로만족
,,4. 매우만족
Q24_3,문24. 현재주택 주거환경 만족도_3) 공공기관 접근용이성(시청/읍면동사무소/경찰서 등),1. 매우불만족
,,2. 약간불만족
,,3. 대체로만족
,,4. 매우만족
Q24_4,문24. 현재주택 주거환경 만족도_4) 문화시설 접근용이성(극장/공연장/박물관/미술관 등),1. 매우불만족
,,2. 약간불만족
,,3. 대체로만족
,,4. 매우만족
Q24_5,문24. 현재주택 주거환경 만족도_5) 도시공원 및 녹지 접근용이성(놀이터/공원/녹지/수변 등),1. 매우불만족
,,2. 약간불만족
,,3. 대체로만족
,,4. 매우만족
Q24_6,문24. 현재주택 주거환경 만족도_6) 대중교통 접근용이성(버스/지하철 등),1. 매우불만족
,,2. 약간불만족
,,3. 대체로만족
,,4. 매우만족
Q24_7,문24. 현재주택 주거환경 만족도_7) 주차시설 이용편의성,1. 매우불만족
,,2. 약간불만족
,,3. 대체로만족
,,4. 매우만족
Q24_8,문24. 현재주택 주거환경 만족도_8) 주변도로의 보행 안전,1. 매우불만족
,,2. 약간불만족
,,3. 대체로만족
,,4. 매우만족
Q24_9,문24. 현재주택 주거환경 만족도_9) 교육환경(학교/학원 및 미취학 아동을 위한 시설/서비스 등),1. 매우불만족
,,2. 약간불만족
,,3. 대체로만족
,,4. 매우만족
Q24_10,문24. 현재주택 주거환경 만족도_10) 치안 및 범죄 등 방범 상태,1. 매우불만족
,,2. 약간불만족
,,3. 대체로만족
,,4. 매우만족
Q24_11,"문24. 현재주택 주거환경 만족도_11) 자동차 경적, 집주변의 소음 정도",1. 매우불만족
,,2. 약간불만족
,,3. 대체로만족
,,4. 매우만족
Q24_12,문24. 현재주택 주거환경 만족도_12) 청소 및 쓰레기 처리상태,1. 매우불만족
,,2. 약간불만족
,,3. 대체로만족
,,4. 매우만족
Q24_13,문24. 현재주택 주거환경 만족도_13) 대기오염 정도,1. 매우불만족
,,2. 약간불만족
,,3. 대체로만족
,,4. 매우만족
Q24_14,문24. 현재주택 주거환경 만족도_14) 이웃과의 관계,1. 매우불만족
,,2. 약간불만족
,,3. 대체로만족
,,4. 매우만족
Q25_1,문25. 주택에 대한 전반적인 만족도,1. 매우불만족
,,2. 약간불만족
,,3. 대체로만족
,,4. 매우만족
Q25_2,문25. 주거환경에 대한 전반적인 만족도,1. 매우불만족
,,2. 약간불만족
,,3. 대체로만족
,,4. 매우만족
Q26,문26. 귀 댁의 가구주께서는 가구주가 된 이후 현재주택에 살기 전에 이사한 경험이 있습니까?,1. 있다
,,2. 없다
Q26_1,"문26-1. 귀 댁의 가구주께서 가구주가 된 이후를 기준으로 했을 때, 현재주택에 거주하기까지 몇 번 이사를 하셨습니까?_회",9999999. 모름/무응답
Q27_1,문27. 현재주택으로 이사오기 바로 전에 어디서 사셨습니까?_시도,1. 서울
,,2. 부산
,,3. 대구
,,4. 인천
,,5. 광주
,,6. 대전
,,7. 울산
,,8. 세종
,,9. 경기
,,10. 강원
,,11. 충북
,,12. 충남
,,13. 전북
,,14. 전남
,,15. 경북
,,16. 경남
,,17. 제주
,,18. 국외
Q27_2,문27. 현재주택으로 이사오기 바로 전에 어디서 사셨습니까?_시군구/읍면동,1. 강남구
,,2. 강동구
,,3. 강북구
,,4. 강서구
,,5. 관악구
,,6. 광진구
,,7. 구로구
,,8. 금천구
,,9. 노원구
,,10. 도봉구
,,11. 동대문구
,,12. 동작구
,,13. 마포구
,,14. 서대문구
,,15. 서초구
,,16. 성동구
,,17. 성북구
,,18. 송파구
,,19. 양천구
,,20. 영등포구
,,21. 용산구
,,22. 은평구
,,23. 종로구
,,24. 중구
,,25. 중랑구
,,26. 강서구
,,27. 금정구
,,28. 기장군
,,29. 남구
,,30. 동구
,,31. 동래구
,,32. 부산진구
,,33. 북구
,,34. 사상구
,,35. 사하구
,,36. 서구
,,37. 수영구
,,38. 연제구
,,39. 영도구
,,40. 중구
,,41. 해운대구
,,42. 남구
,,43. 달서구
,,44. 달성군
,,45. 동구
,,46. 북구
,,47. 서구
,,48. 수성구
,,49. 중구
,,50. 강화군
,,51. 계양구
,,52. 남동구
,,53. 동구
,,54. 미추홀구
,,55. 부평구
,,56. 서구
,,57. 연수구
,,58. 옹진군
,,59. 중구
,,60. 광산구
,,61. 남구
,,62. 동구
,,63. 북구
,,64. 서구
,,65. 대덕구
,,66. 동구
,,67. 서구
,,68. 유성구
,,69. 중구
,,70. 남구
,,71. 동구
,,72. 북구
,,73. 울주군
,,74. 중구
,,75. 가평군
,,76. 고양시
,,77. 과천시
,,78. 광명시
,,79. 광주시
,,80. 구리시
,,81. 군포시
,,82. 김포시
,,83. 남양주시
,,84. 동두천시
,,85. 부천시
,,86. 성남시
,,87. 수원시
,,88. 시흥시
,,89. 안산시
,,90. 안성시
,,91. 안양시
,,92. 양주시
,,93. 양평군
,,94. 여주시
,,95. 연천군
,,96. 오산시
,,97. 용인시
,,98. 의왕시
,,99. 의정부시
,,100. 이천시
,,101. 파주시
,,102. 평택시
,,103. 포천시
,,104. 하남시
,,105. 화성시
,,106. 강릉시
,,107. 고성군
,,108. 동해시
,,109. 삼척시
,,110. 속초시
,,111. 양구군
,,112. 양양군
,,113. 영월군
,,114. 원주시
,,115. 인제군
,,116. 정선군
,,117. 철원군
,,118. 춘천시
,,119. 태백시
,,120. 평창군
,,121. 홍천군
,,122. 화천군
,,123. 횡성군
,,124. 괴산군
,,125. 단양군
,,126. 보은군
,,127. 영동군
,,128. 옥천군
,,129. 음성군
,,130. 제천시
,,131. 증평군
,,132. 진천군
,,133. 청주시
,,134. 충주시
,,135. 계룡시
,,136. 공주시
,,137. 금산군
,,138. 논산시
,,139. 당진시
,,140. 보령시
,,141. 부여군
,,142. 서산시
,,143. 서천군
,,144. 아산시
,,145. 예산군
,,146. 천안시
,,147. 청양군
,,148. 태안군
,,149. 홍성군
,,150. 고창군
,,151. 군산시
,,152. 김제시
,,153. 남원시
,,154. 무주군
,,155. 부안군
,,156. 순창군
,,157. 완주군
,,158. 익산시
,,159. 임실군
,,160. 장수군
,,161. 전주시
,,162. 정읍시
,,163. 진안군
,,164. 강진군
,,165. 고흥군
,,166. 곡성군
,,167. 광양시
,,168. 구례군
,,169. 나주시
,,170. 담양군
,,171. 목포시
,,172. 무안군
,,173. 보성군
,,174. 순천시
,,175. 신안군
,,176. 여수시
,,177. 영광군
,,178. 영암군
,,179. 완도군
,,180. 장성군
,,181. 장흥군
,,182. 진도군
,,183. 함평군
,,184. 해남군
,,185. 화순군
,,186. 경산시
,,187. 경주시
,,188. 고령군
,,189. 구미시
,,190. 군위군
,,191. 김천시
,,192. 문경시
,,193. 봉화군
,,194. 상주시
,,195. 성주군
,,196. 안동시
,,197. 영덕군
,,198. 영양군
,,199. 영주시
,,200. 영천시
,,201. 예천군
,,202. 울릉군
,,203. 울진군
,,204. 의성군
,,205. 청도군
,,206. 청송군
,,207. 칠곡군
,,208. 포항시
,,209. 거제시
,,210. 거창군
,,211. 고성군
,,212. 김해시
,,213. 남해군
,,214. 밀양시
,,215. 사천시
,,216. 산청군
,,217. 양산시
,,218. 의령군
,,219. 진주시
,,220. 창녕군
,,221. 창원시
,,222. 통영시
,,223. 하동군
,,224. 함안군
,,225. 함양군
,,226. 합천군
,,227. 서귀포시
,,228. 제주시
,,230. 고운동
,,231. 금남면
,,232. 다정동
,,233. 대평동
,,234. 도담동
,,235. 반곡동
,,236. 보람동
,,237. 부강면
,,238. 새롬동
,,239. 소담동
,,240. 소정면
,,241. 아름동
,,242. 연기면
,,243. 연동면
,,244. 연서면
,,245. 장군면
,,246. 전동면
,,247. 전의면
,,248. 조치원읍
,,249. 종촌동
,,250. 한솔동
,,251. 해밀동
Q28,문28. 귀 댁이 현재주택으로 이사오기 바로 전 주택의 유형은 무엇이었습니까?,1. 일반단독주택
,,2. 다가구단독주택
,,3. 영업겸용단독주택
,,4. 아파트
,,5. 연립주택
,,6. 다세대주택
,,7. 비거주용건물(상가ㆍ공장ㆍ여관 등)내 주택
,,8. 오피스텔
,,9. 고시원
,,10. 판잣집ㆍ비닐하우스ㆍ컨테이너ㆍ움막
,,11. 기타
Q28_O,(TEXT) 문28. (기타오픈) 귀 댁이 현재주택으로 이사오기 바로 전 주택의 유형은 무엇이었습니까?,
Q29,문29. 귀 댁이 현재주택으로 이사오기 바로 전 주택의 점유형태는 어디에 해당됩니까?,1. 자가
,,2. 전세
,,3. 보증금 있는 월세
,,4. 보증금 없는 월세
,,5. 사글세 또는 연세
,,6. 일세
,,7. 무상
Q30,문30. 귀 댁이 현재주택으로 이사오기 바로 전 주택의 주택 내 위치는 어디에 해당됩니까?,1. 지상
,,2. 반지하
,,3. 지하
,,4. 옥상(옥탑)
Q31,문31. 귀 댁의 현재 주택 거주 직전 주택 구조는 어떻습니까?,1. 원룸형
,,2. 원룸형 아님
Q31_1,문31-1. 원룸형이 아닌 경우_방,
Q32_A,문32. 귀 댁의 현재 주택 거주 직전 주택의 면적은 얼마입니까? 주택사용면적(전용면적)_평,9999999. 모름/무응답
Q32_B,문32. 귀 댁의 현재 주택 거주 직전 주택의 면적은 얼마입니까? 주택사용면적(전용면적)_㎡,9999999. 모름/무응답
Q33,문33. 귀 가구는 다른 주택으로 이사할 계획이 있습니까?,1. 계획이 있음
,,2. 계획이 없음
,,3. 잘 모르겠음
Q33_1,문33-1. 몇 년 안에 이사가실 계획 입니까?,1. 2년 미만
,,2. 2~5년
,,3. 5년 초과
Q34_1,문34-1. 귀 댁이 현재주택으로 이사한 이유를 보기에서 각 두 개씩 골라 기입해 주십시오.,1. 결혼이나 세대독립을 위해서
,,2. 이미 분양받은 주택으로 이사 또는 내 집 마련을 위해
,,3. 집값 혹은 집세가 너무 비싸고 부담스러워서
,,4. 집주인이 나가라고 해서
,,5. 계약 만기로 인해서
,,6. 재개발이나 재건축으로 인해서
,,7. 시설이나 설비가 더 양호한 집으로 이사하려고
,,8. 가구상황에 적합한 주택규모로 이사하려고
,,"9. 부모, 자녀 등과 가까이 살려고"
,,10. 직주근접ㆍ직장변동 때문에
,,"11. 교통이 편리하고, 편의ㆍ문화시설, 공원 및 녹지 등이 좋은 지역으로 가기 위해서"
,,12. 자녀 양육 및 교육환경 때문에
,,13. 귀촌ㆍ귀농 등 자연환경이 좋은 지역을 찾아서
,,14. 기타
Q34_1_M2,(M)2 문34-1. 귀 댁이 현재주택으로 이사한 이유를 보기에서 각 두 개씩 골라 기입해 주십시오.,1. 결혼이나 세대독립을 위해서
,,2. 이미 분양받은 주택으로 이사 또는 내 집 마련을 위해
,,3. 집값 혹은 집세가 너무 비싸고 부담스러워서
,,4. 집주인이 나가라고 해서
,,5. 계약 만기로 인해서
,,6. 재개발이나 재건축으로 인해서
,,7. 시설이나 설비가 더 양호한 집으로 이사하려고
,,8. 가구상황에 적합한 주택규모로 이사하려고
,,"9. 부모, 자녀 등과 가까이 살려고"
,,10. 직주근접ㆍ직장변동 때문에
,,"11. 교통이 편리하고, 편의ㆍ문화시설, 공원 및 녹지 등이 좋은 지역으로 가기 위해서"
,,12. 자녀 양육 및 교육환경 때문에
,,13. 귀촌ㆍ귀농 등 자연환경이 좋은 지역을 찾아서
,,14. 기타
Q34_1_M2_O,(TEXT) 문34-1. (기타오픈) 귀 댁이 현재주택으로 이사한 이유를 보기에서 각 두 개씩 골라 기입해 주십시오.,
Q34_2,문34-2. 귀 댁이 앞으로 이사를 계획하고 있는 이유를 보기에서 각 두 개씩 골라 기입해 주십시오.,1. 결혼이나 세대독립을 위해서
,,2. 이미 분양받은 주택으로 이사 또는 내 집 마련을 위해
,,3. 집값 혹은 집세가 너무 비싸고 부담스러워서
,,4. 집주인이 나가라고 해서
,,5. 계약 만기로 인해서
,,6. 재개발이나 재건축으로 인해서
,,7. 시설이나 설비가 더 양호한 집으로 이사하려고
,,8. 가구상황에 적합한 주택규모로 이사하려고
,,"9. 부모, 자녀 등과 가까이 살려고"
,,10. 직주근접ㆍ직장변동 때문에
,,"11. 교통이 편리하고, 편의ㆍ문화시설, 공원 및 녹지 등이 좋은 지역으로 가기 위해서"
,,12. 자녀 양육 및 교육환경 때문에
,,13. 귀촌ㆍ귀농 등 자연환경이 좋은 지역을 찾아서
,,14. 기타
Q34_2_M2,(M)2 문34-2. 귀 댁이 앞으로 이사를 계획하고 있는 이유를 보기에서 각 두 개씩 골라 기입해 주십시오.,1. 결혼이나 세대독립을 위해서
,,2. 이미 분양받은 주택으로 이사 또는 내 집 마련을 위해
,,3. 집값 혹은 집세가 너무 비싸고 부담스러워서
,,4. 집주인이 나가라고 해서
,,5. 계약 만기로 인해서
,,6. 재개발이나 재건축으로 인해서
,,7. 시설이나 설비가 더 양호한 집으로 이사하려고
,,8. 가구상황에 적합한 주택규모로 이사하려고
,,"9. 부모, 자녀 등과 가까이 살려고"
,,10. 직주근접ㆍ직장변동 때문에
,,"11. 교통이 편리하고, 편의ㆍ문화시설, 공원 및 녹지 등이 좋은 지역으로 가기 위해서"
,,12. 자녀 양육 및 교육환경 때문에
,,13. 귀촌ㆍ귀농 등 자연환경이 좋은 지역을 찾아서
,,14. 기타
Q34_2_M2_O,(TEXT) 문34-2. (기타오픈) 귀 댁이 앞으로 이사를 계획하고 있는 이유를 보기에서 각 두 개씩 골라 기입해 주십시오.,
Q35_1,문35. 귀 댁은 앞으로 어느 지역으로 이사할 계획입니까?_시도,1. 서울
,,2. 부산
,,3. 대구
,,4. 인천
,,5. 광주
,,6. 대전
,,7. 울산
,,8. 세종
,,9. 경기
,,10. 강원
,,11. 충북
,,12. 충남
,,13. 전북
,,14. 전남
,,15. 경북
,,16. 경남
,,17. 제주
,,18. 국외
Q35_2,문35. 귀 댁은 앞으로 어느 지역으로 이사할 계획입니까?_시군구/읍면동,1. 강남구
,,2. 강동구
,,3. 강북구
,,4. 강서구
,,5. 관악구
,,6. 광진구
,,7. 구로구
,,8. 금천구
,,9. 노원구
,,10. 도봉구
,,11. 동대문구
,,12. 동작구
,,13. 마포구
,,14. 서대문구
,,15. 서초구
,,16. 성동구
,,17. 성북구
,,18. 송파구
,,19. 양천구
,,20. 영등포구
,,21. 용산구
,,22. 은평구
,,23. 종로구
,,24. 중구
,,25. 중랑구
,,26. 강서구
,,27. 금정구
,,28. 기장군
,,29. 남구
,,30. 동구
,,31. 동래구
,,32. 부산진구
,,33. 북구
,,34. 사상구
,,35. 사하구
,,36. 서구
,,37. 수영구
,,38. 연제구
,,39. 영도구
,,40. 중구
,,41. 해운대구
,,42. 남구
,,43. 달서구
,,44. 달성군
,,45. 동구
,,46. 북구
,,47. 서구
,,48. 수성구
,,49. 중구
,,50. 강화군
,,51. 계양구
,,52. 남동구
,,53. 동구
,,54. 미추홀구
,,55. 부평구
,,56. 서구
,,57. 연수구
,,58. 옹진군
,,59. 중구
,,60. 광산구
,,61. 남구
,,62. 동구
,,63. 북구
,,64. 서구
,,65. 대덕구
,,66. 동구
,,67. 서구
,,68. 유성구
,,69. 중구
,,70. 남구
,,71. 동구
,,72. 북구
,,73. 울주군
,,74. 중구
,,75. 가평군
,,76. 고양시
,,77. 과천시
,,78. 광명시
,,79. 광주시
,,80. 구리시
,,81. 군포시
,,82. 김포시
,,83. 남양주시
,,84. 동두천시
,,85. 부천시
,,86. 성남시
,,87. 수원시
,,88. 시흥시
,,89. 안산시
,,90. 안성시
,,91. 안양시
,,92. 양주시
,,93. 양평군
,,94. 여주시
,,95. 연천군
,,96. 오산시
,,97. 용인시
,,98. 의왕시
,,99. 의정부시
,,100. 이천시
,,101. 파주시
,,102. 평택시
,,103. 포천시
,,104. 하남시
,,105. 화성시
,,106. 강릉시
,,107. 고성군
,,108. 동해시
,,109. 삼척시
,,110. 속초시
,,111. 양구군
,,112. 양양군
,,113. 영월군
,,114. 원주시
,,115. 인제군
,,116. 정선군
,,117. 철원군
,,118. 춘천시
,,119. 태백시
,,120. 평창군
,,121. 홍천군
,,122. 화천군
,,123. 횡성군
,,124. 괴산군
,,125. 단양군
,,126. 보은군
,,127. 영동군
,,128. 옥천군
,,129. 음성군
,,130. 제천시
,,131. 증평군
,,132. 진천군
,,133. 청주시
,,134. 충주시
,,135. 계룡시
,,136. 공주시
,,137. 금산군
,,138. 논산시
,,139. 당진시
,,140. 보령시
,,141. 부여군
,,142. 서산시
,,143. 서천군
,,144. 아산시
,,145. 예산군
,,146. 천안시
,,147. 청양군
,,148. 태안군
,,149. 홍성군
,,150. 고창군
,,151. 군산시
,,152. 김제시
,,153. 남원시
,,154. 무주군
,,155. 부안군
,,156. 순창군
,,157. 완주군
,,158. 익산시
,,159. 임실군
,,160. 장수군
,,161. 전주시
,,162. 정읍시
,,163. 진안군
,,164. 강진군
,,165. 고흥군
,,166. 곡성군
,,167. 광양시
,,168. 구례군
,,169. 나주시
,,170. 담양군
,,171. 목포시
,,172. 무안군
,,173. 보성군
,,174. 순천시
,,175. 신안군
,,176. 여수시
,,177. 영광군
,,178. 영암군
,,179. 완도군
,,180. 장성군
,,181. 장흥군
,,182. 진도군
,,183. 함평군
,,184. 해남군
,,185. 화순군
,,186. 경산시
,,187. 경주시
,,188. 고령군
,,189. 구미시
,,190. 군위군
,,191. 김천시
,,192. 문경시
,,193. 봉화군
,,194. 상주시
,,195. 성주군
,,196. 안동시
,,197. 영덕군
,,198. 영양군
,,199. 영주시
,,200. 영천시
,,201. 예천군
,,202. 울릉군
,,203. 울진군
,,204. 의성군
,,205. 청도군
,,206. 청송군
,,207. 칠곡군
,,208. 포항시
,,209. 거제시
,,210. 거창군
,,211. 고성군
,,212. 김해시
,,213. 남해군
,,214. 밀양시
,,215. 사천시
,,216. 산청군
,,217. 양산시
,,218. 의령군
,,219. 진주시
,,220. 창녕군
,,221. 창원시
,,222. 통영시
,,223. 하동군
,,224. 함안군
,,225. 함양군
,,226. 합천군
,,227. 서귀포시
,,228. 제주시
,,230. 고운동
,,231. 금남면
,,232. 다정동
,,233. 대평동
,,234. 도담동
,,235. 반곡동
,,236. 보람동
,,237. 부강면
,,238. 새롬동
,,239. 소담동
,,240. 소정면
,,241. 아름동
,,242. 연기면
,,243. 연동면
,,244. 연서면
,,245. 장군면
,,246. 전동면
,,247. 전의면
,,248. 조치원읍
,,249. 종촌동
,,250. 한솔동
,,251. 해밀동
Q36,문36. 귀 댁은 어떤 유형의 주택으로 이사하고자 하십니까?,1. 일반단독주택
,,2. 다가구단독주택
,,3. 영업겸용단독주택
,,4. 아파트
,,5. 연립주택
,,6. 다세대주택
,,7. 비거주용건물(상가ㆍ공장ㆍ여관 등)내 주택
,,8. 오피스텔
,,9. 고시원
,,10. 판잣집ㆍ비닐하우스ㆍ컨테이너ㆍ움막
,,11. 기타
Q36_O,(TEXT) 문36. (기타오픈) 귀 댁은 어떤 유형의 주택으로 이사하고자 하십니까?,
Q37,"문37. 귀 댁은 자가로 이사 하실 계획이십니까, 아니면 전세나 월세로 이사하실 계획이십니까?",1. 자가
,,2. 전세
,,3. 보증금 있는 월세
,,"4. 보증금 없는 월세(사글세, 연세, 일세 포함)"
,,5. 무상이나 기타
Q37_1,문37. 귀 댁은 현재와 비교했을 때 더 넓은 곳으로 이사할 계획이십니까? 더 좁은 곳으로 이사할 계획이십니까?,1. 현재보다 더 넓은 곳으로
,,2. 현재와 동일하게
,,3. 현재보다 더 좁은 곳으로
Q38,문38. 귀 가구는 내 집을 보유해야 한다고 생각하십니까?,1. 그렇다
,,2. 아니다
Q38_1,문38-1. 내 집을 보유해야 한다고 생각하는 이유는 무엇입니까? 순서대로 응답해주십시오._1순위,1. 주거안정 차원에서
,,2. 자산증식을 위해
,,3. 노후 생활 자금으로 활용 가능하므로
,,4. 기타
Q38_1_M2,문38-1. 내 집을 보유해야 한다고 생각하는 이유는 무엇입니까? 순서대로 응답해주십시오._2순위,1. 주거안정 차원에서
,,2. 자산증식을 위해
,,3. 노후 생활 자금으로 활용 가능하므로
,,4. 기타
Q38_1_O,문38-1. (기타오픈) 내 집을 보유해야 한다고 생각하는 이유는 무엇입니까?,
Q38_2,문38-2. 내 집을 보유하지 않아도 된다고 생각하는 이유는 무엇입니까? 순서대로 응답해주십시오._1순위,1. 자가마련보다 현재 상황의 여유가 더 중요하므로
,,2. 자산증식의 수단이 되기 어렵기 때문에
,,3. 내 집이 없어도 생활에 불편이 없으므로
,,4. 기타
Q38_2_M2,문38-2. 내 집을 보유하지 않아도 된다고 생각하는 이유는 무엇입니까? 순서대로 응답해주십시오._2순위,1. 자가마련보다 현재 상황의 여유가 더 중요하므로
,,2. 자산증식의 수단이 되기 어렵기 때문에
,,3. 내 집이 없어도 생활에 불편이 없으므로
,,4. 기타
Q38_2_O,문38-2. (기타오픈) 내 집을 보유하지 않아도 된다고 생각하는 이유는 무엇입니까?,
Q39,"문39. 귀 댁의 현재 상황을 고려할 때, 아래 의 주거지원 프로그램이 필요하다고 생각하십니까?",1. 필요하다
,,2. 필요하지 않다
Q39_1,문39-1. 귀 댁에 가장 필요한 주거지원 프로그램을 순서대로 두 가지를 골라 주십시오._1순위,1. 월세보조금 지원
,,2. 전세자금 대출 지원
,,3. 주택 구입자금 대출 지원
,,4. 주택개량ㆍ개보수 지원
,,5. 임대 후 분양전환 공공임대주택 공급
,,6. 장기공공임대주택 공급
,,7. 공공분양주택 공급
,,8. 주거상담과 정보제공 등
,,9. 기타
,,10. 없음
Q39_1_M2,(M)2 문39-1. 귀 댁에 가장 필요한 주거지원 프로그램을 순서대로 두 가지를 골라 주십시오._2순위,1. 월세보조금 지원
,,2. 전세자금 대출 지원
,,3. 주택 구입자금 대출 지원
,,4. 주택개량ㆍ개보수 지원
,,5. 임대 후 분양전환 공공임대주택 공급
,,6. 장기공공임대주택 공급
,,7. 공공분양주택 공급
,,8. 주거상담과 정보제공 등
,,9. 기타
,,10. 없음
Q39_1_O,(TEXT) 문39-1. (기타오픈) 귀 댁에 가장 필요한 주거지원 프로그램을 순서대로 두 가지를 골라 주십시오.,
Q40_1_1,"문40. 주거지원 프로그램 인지여부, 이용현황, 만족도_1) 주거안정 월세대출_(1) 인지여부",1. 알고있음
,,2. 모름
Q40_1_2,"문40. 주거지원 프로그램 인지여부, 이용현황, 만족도_1) 주거안정 월세대출_(2) 이용여부",1. 현재이용하고있다
,,2. 현재이용하고 있지않다
Q40_1_3,"문40. 주거지원 프로그램 인지여부, 이용현황, 만족도_1) 주거안정 월세대출_(3) 만족도",1. 매우불만족
,,2. 약간불만족
,,3. 대체로만족
,,4. 매우만족
Q40_2_1,"문40. 주거지원 프로그램 인지여부, 이용현황, 만족도_2) 주택 전세자금대출 지원_(1) 인지여부",1. 알고있음
,,2. 모름
Q40_2_2,"문40. 주거지원 프로그램 인지여부, 이용현황, 만족도_2) 주택 전세자금대출 지원_(2) 이용여부",1. 현재이용하고있다
,,2. 현재이용하고 있지않다
Q40_2_3,"문40. 주거지원 프로그램 인지여부, 이용현황, 만족도_2) 주택 전세자금대출 지원_(3) 만족도",1. 매우불만족
,,2. 약간불만족
,,3. 대체로만족
,,4. 매우만족
Q40_3_1,"문40. 주거지원 프로그램 인지여부, 이용현황, 만족도_3) 주택 구입자금대출 지원_(1) 인지여부",1. 알고있음
,,2. 모름
Q40_3_2,"문40. 주거지원 프로그램 인지여부, 이용현황, 만족도_3) 주택 구입자금대출 지원_(2) 이용여부",1. 현재이용하고있다
,,2. 현재이용하고 있지않다
Q40_3_3,"문40. 주거지원 프로그램 인지여부, 이용현황, 만족도_3) 주택 구입자금대출 지원_(3) 만족도",1. 매우불만족
,,2. 약간불만족
,,3. 대체로만족
,,4. 매우만족
Q40_4_1,"문40. 주거지원 프로그램 인지여부, 이용현황, 만족도_4) 공공임대주택_(1) 인지여부",1. 알고있음
,,2. 모름
Q40_4_2,"문40. 주거지원 프로그램 인지여부, 이용현황, 만족도_4) 공공임대주택_(2) 이용여부",1. 현재이용하고있다
,,2. 현재이용하고 있지않다
Q40_4_3,"문40. 주거지원 프로그램 인지여부, 이용현황, 만족도_4) 공공임대주택_(3) 만족도",1. 매우불만족
,,2. 약간불만족
,,3. 대체로만족
,,4. 매우만족
Q40_5_1,"문40. 주거지원 프로그램 인지여부, 이용현황, 만족도_5) 공공분양주택_(1) 인지여부",1. 알고있음
,,2. 모름
Q40_5_2,"문40. 주거지원 프로그램 인지여부, 이용현황, 만족도_5) 공공분양주택_(2) 이용여부",1. 현재이용하고있다
,,2. 현재이용하고 있지않다
Q40_5_3,"문40. 주거지원 프로그램 인지여부, 이용현황, 만족도_5) 공공분양주택_(3) 만족도",1. 매우불만족
,,2. 약간불만족
,,3. 대체로만족
,,4. 매우만족
Q40_6_1,"문40. 주거지원 프로그램 인지여부, 이용현황, 만족도_6) 민간분양 특별공급_(1) 인지여부",1. 알고있음
,,2. 모름
Q40_6_2,"문40. 주거지원 프로그램 인지여부, 이용현황, 만족도_6) 민간분양 특별공급_(2) 이용여부",1. 현재이용하고있다
,,2. 현재이용하고 있지않다
Q40_6_3,"문40. 주거지원 프로그램 인지여부, 이용현황, 만족도_6) 민간분양 특별공급_(3) 만족도",1. 매우불만족
,,2. 약간불만족
,,3. 대체로만족
,,4. 매우만족
Q40_7_1,"문40. 주거지원 프로그램 인지여부, 이용현황, 만족도_7) 주거급여 중 임차급여_(1) 인지여부",1. 알고있음
,,2. 모름
Q40_7_2,"문40. 주거지원 프로그램 인지여부, 이용현황, 만족도_7) 주거급여 중 임차급여_(2) 이용여부",1. 현재이용하고있다
,,2. 현재이용하고 있지않다
Q40_7_3,"문40. 주거지원 프로그램 인지여부, 이용현황, 만족도_7) 주거급여 중 임차급여_(3) 만족도",1. 매우불만족
,,2. 약간불만족
,,3. 대체로만족
,,4. 매우만족
Q40_8_1,"문40. 주거지원 프로그램 인지여부, 이용현황, 만족도_8) 주거급여 중 수선유지급여_(1) 인지여부",1. 알고있음
,,2. 모름
Q40_8_2,"문40. 주거지원 프로그램 인지여부, 이용현황, 만족도_8) 주거급여 중 수선유지급여_(2) 이용여부",1. 현재이용하고있다
,,2. 현재이용하고 있지않다
Q40_8_3,"문40. 주거지원 프로그램 인지여부, 이용현황, 만족도_8) 주거급여 중 수선유지급여_(3) 만족도",1. 매우불만족
,,2. 약간불만족
,,3. 대체로만족
,,4. 매우만족
Q40_9_1,"문40. 주거지원 프로그램 인지여부, 이용현황, 만족도_9) 기타 주택개량/개보수 지원(현물, 자금대출 포함)_(1) 인지여부",1. 알고있음
,,2. 모름
Q40_9_2,"문40. 주거지원 프로그램 인지여부, 이용현황, 만족도_9) 기타 주택개량/개보수 지원(현물, 자금대출 포함)_(2) 이용여부",1. 현재이용하고있다
,,2. 현재이용하고 있지않다
Q40_9_3,"문40. 주거지원 프로그램 인지여부, 이용현황, 만족도_9) 기타 주택개량/개보수 지원(현물, 자금대출 포함)_(3) 만족도",1. 매우불만족
,,2. 약간불만족
,,3. 대체로만족
,,4. 매우만족
Q40_10_1,"문40. 주거지원 프로그램 인지여부, 이용현황, 만족도_10) 주거복지 상담 및 정보 이용_(1) 인지여부",1. 알고있음
,,2. 모름
Q40_10_2,"문40. 주거지원 프로그램 인지여부, 이용현황, 만족도_10) 주거복지 상담 및 정보 이용_(2) 이용여부",1. 현재이용하고있다
,,2. 현재이용하고 있지않다
Q40_10_3,"문40. 주거지원 프로그램 인지여부, 이용현황, 만족도_10) 주거복지 상담 및 정보 이용_(3) 만족도",1. 매우불만족
,,2. 약간불만족
,,3. 대체로만족
,,4. 매우만족
Q40_1_1_1,문40-1-1. 공공임대주택에 만족한다고 응답한 이유는 무엇입니까?,1. 저렴한 임대료
,,2. 자주 이사를 하지 않아도 되므로(계약만기로 인한 불안이 적어서)
,,3. 시설이나 주변여건이 좋아서
,,4. 가구상황(가구원수 증가 또는 감소 등)에 적합한 주택규모
,,5. 기타
Q40_1_1_1_O,(TEXT) 문40-1-1. (기타오픈) 공공임대주택에 만족한다고 응답한 이유는 무엇입니까?,
Q40_1_1_2,문40-1-2. 공공임대주택에 불만족한다고 응답한 이유는 무엇입니까?,1. 임대료가 비싸서
,,2. 공공임대주택단지에 대한 인식이 좋지 않아서
,,3. 시설이나 주변여건이 좋지 않아서
,,4. 가구상황(가구원수 증가 또는 감소 등)에 적합하지 않은 주택규모
,,5. 기타
Q40_1_1_2_O,(TEXT) 문40-1-2. (기타오픈) 공공임대주택에 불만족한다고 응답한 이유는 무엇입니까?,
Q41,문41. 귀 가구는 공공임대주택 입주 기회를 준다면 입주할 의향이 있으십니까?,1. 그렇다
,,2. 아니다
Q46_A1_1,가구 구성원 No.1_가구주와의 관계,1. 가구주
,,2. 가구주의 배우자
,,3. 자녀
,,4. 자녀의 배우자
,,5. 가구주의 부모
,,6. 배우자의 부모
,,7. 손자녀
,,8. 손자녀의 배우자
,,9. 증손자녀
,,10. 증손자녀의 배우자
,,11. 조부모
,,12. 가구주 및 배우자의 형제자매
,,13. 가구주 및 배우자의 형제자매의 배우자
,,14. 친인척
,,15. 친구
,,16. 기타
Q46_A1_2,가구 구성원 No.2_가구주와의 관계,1. 가구주
,,2. 가구주의 배우자
,,3. 자녀
,,4. 자녀의 배우자
,,5. 가구주의 부모
,,6. 배우자의 부모
,,7. 손자녀
,,8. 손자녀의 배우자
,,9. 증손자녀
,,10. 증손자녀의 배우자
,,11. 조부모
,,12. 가구주 및 배우자의 형제자매
,,13. 가구주 및 배우자의 형제자매의 배우자
,,14. 친인척
,,15. 친구
,,16. 기타
Q46_A1_3,가구 구성원 No.3_가구주와의 관계,1. 가구주
,,2. 가구주의 배우자
,,3. 자녀
,,4. 자녀의 배우자
,,5. 가구주의 부모
,,6. 배우자의 부모
,,7. 손자녀
,,8. 손자녀의 배우자
,,9. 증손자녀
,,10. 증손자녀의 배우자
,,11. 조부모
,,12. 가구주 및 배우자의 형제자매
,,13. 가구주 및 배우자의 형제자매의 배우자
,,14. 친인척
,,15. 친구
,,16. 기타
Q46_A1_4,가구 구성원 No.4_가구주와의 관계,1. 가구주
,,2. 가구주의 배우자
,,3. 자녀
,,4. 자녀의 배우자
,,5. 가구주의 부모
,,6. 배우자의 부모
,,7. 손자녀
,,8. 손자녀의 배우자
,,9. 증손자녀
,,10. 증손자녀의 배우자
,,11. 조부모
,,12. 가구주 및 배우자의 형제자매
,,13. 가구주 및 배우자의 형제자매의 배우자
,,14. 친인척
,,15. 친구
,,16. 기타
Q46_A1_5,가구 구성원 No.5_가구주와의 관계,1. 가구주
,,2. 가구주의 배우자
,,3. 자녀
,,4. 자녀의 배우자
,,5. 가구주의 부모
,,6. 배우자의 부모
,,7. 손자녀
,,8. 손자녀의 배우자
,,9. 증손자녀
,,10. 증손자녀의 배우자
,,11. 조부모
,,12. 가구주 및 배우자의 형제자매
,,13. 가구주 및 배우자의 형제자매의 배우자
,,14. 친인척
,,15. 친구
,,16. 기타
Q46_A1_6,가구 구성원 No.6_가구주와의 관계,1. 가구주
,,2. 가구주의 배우자
,,3. 자녀
,,4. 자녀의 배우자
,,5. 가구주의 부모
,,6. 배우자의 부모
,,7. 손자녀
,,8. 손자녀의 배우자
,,9. 증손자녀
,,10. 증손자녀의 배우자
,,11. 조부모
,,12. 가구주 및 배우자의 형제자매
,,13. 가구주 및 배우자의 형제자매의 배우자
,,14. 친인척
,,15. 친구
,,16. 기타
Q46_A1_7,가구 구성원 No.7_가구주와의 관계,1. 가구주
,,2. 가구주의 배우자
,,3. 자녀
,,4. 자녀의 배우자
,,5. 가구주의 부모
,,6. 배우자의 부모
,,7. 손자녀
,,8. 손자녀의 배우자
,,9. 증손자녀
,,10. 증손자녀의 배우자
,,11. 조부모
,,12. 가구주 및 배우자의 형제자매
,,13. 가구주 및 배우자의 형제자매의 배우자
,,14. 친인척
,,15. 친구
,,16. 기타
Q46_A1_8,가구 구성원 No.8_가구주와의 관계,1. 가구주
,,2. 가구주의 배우자
,,3. 자녀
,,4. 자녀의 배우자
,,5. 가구주의 부모
,,6. 배우자의 부모
,,7. 손자녀
,,8. 손자녀의 배우자
,,9. 증손자녀
,,10. 증손자녀의 배우자
,,11. 조부모
,,12. 가구주 및 배우자의 형제자매
,,13. 가구주 및 배우자의 형제자매의 배우자
,,14. 친인척
,,15. 친구
,,16. 기타
Q46_A1_9,가구 구성원 No.9_가구주와의 관계,1. 가구주
,,2. 가구주의 배우자
,,3. 자녀
,,4. 자녀의 배우자
,,5. 가구주의 부모
,,6. 배우자의 부모
,,7. 손자녀
,,8. 손자녀의 배우자
,,9. 증손자녀
,,10. 증손자녀의 배우자
,,11. 조부모
,,12. 가구주 및 배우자의 형제자매
,,13. 가구주 및 배우자의 형제자매의 배우자
,,14. 친인척
,,15. 친구
,,16. 기타
Q46_A1_10,가구 구성원 No.10_가구주와의 관계,1. 가구주
,,2. 가구주의 배우자
,,3. 자녀
,,4. 자녀의 배우자
,,5. 가구주의 부모
,,6. 배우자의 부모
,,7. 손자녀
,,8. 손자녀의 배우자
,,9. 증손자녀
,,10. 증손자녀의 배우자
,,11. 조부모
,,12. 가구주 및 배우자의 형제자매
,,13. 가구주 및 배우자의 형제자매의 배우자
,,14. 친인척
,,15. 친구
,,16. 기타
Q46_A1_11,가구 구성원 No.11_가구주와의 관계,1. 가구주
,,2. 가구주의 배우자
,,3. 자녀
,,4. 자녀의 배우자
,,5. 가구주의 부모
,,6. 배우자의 부모
,,7. 손자녀
,,8. 손자녀의 배우자
,,9. 증손자녀
,,10. 증손자녀의 배우자
,,11. 조부모
,,12. 가구주 및 배우자의 형제자매
,,13. 가구주 및 배우자의 형제자매의 배우자
,,14. 친인척
,,15. 친구
,,16. 기타
Q46_A2_1,가구 구성원 No.1_출생연도,
Q46_A2_2,가구 구성원 No.2_출생연도,
Q46_A2_3,가구 구성원 No.3_출생연도,
Q46_A2_4,가구 구성원 No.4_출생연도,
Q46_A2_5,가구 구성원 No.5_출생연도,
Q46_A2_6,가구 구성원 No.6_출생연도,
Q46_A2_7,가구 구성원 No.7_출생연도,
Q46_A2_8,가구 구성원 No.8_출생연도,
Q46_A2_9,가구 구성원 No.9_출생연도,
Q46_A2_10,가구 구성원 No.10_출생연도,
Q46_A2_11,가구 구성원 No.11_출생연도,
Q46_A3_1,가구 구성원 No.1_우리나라나이,
Q46_A3_2,가구 구성원 No.2_우리나라나이,
Q46_A3_3,가구 구성원 No.3_우리나라나이,
Q46_A3_4,가구 구성원 No.4_우리나라나이,
Q46_A3_5,가구 구성원 No.5_우리나라나이,
Q46_A3_6,가구 구성원 No.6_우리나라나이,
Q46_A3_7,가구 구성원 No.7_우리나라나이,
Q46_A3_8,가구 구성원 No.8_우리나라나이,
Q46_A3_9,가구 구성원 No.9_우리나라나이,
Q46_A3_10,가구 구성원 No.10_우리나라나이,
Q46_A3_11,가구 구성원 No.11_우리나라나이,
Q46_A4_1,가구 구성원 No.1_성별,1. 남성
,,2. 여성
Q46_A4_2,가구 구성원 No.2_성별,1. 남성
,,2. 여성
Q46_A4_3,가구 구성원 No.3_성별,1. 남성
,,2. 여성
Q46_A4_4,가구 구성원 No.4_성별,1. 남성
,,2. 여성
Q46_A4_5,가구 구성원 No.5_성별,1. 남성
,,2. 여성
Q46_A4_6,가구 구성원 No.6_성별,1. 남성
,,2. 여성
Q46_A4_7,가구 구성원 No.7_성별,1. 남성
,,2. 여성
Q46_A4_8,가구 구성원 No.8_성별,1. 남성
,,2. 여성
Q46_A4_9,가구 구성원 No.9_성별,1. 남성
,,2. 여성
Q46_A4_10,가구 구성원 No.10_성별,1. 남성
,,2. 여성
Q46_A4_11,가구 구성원 No.11_성별,1. 남성
,,2. 여성
Q46_A5_1,가구 구성원 No.1_주민등록상 등재여부,1. 등재
,,2. 비등재
Q46_A5_2,가구 구성원 No.2_주민등록상 등재여부,1. 등재
,,2. 비등재
Q46_A5_3,가구 구성원 No.3_주민등록상 등재여부,1. 등재
,,2. 비등재
Q46_A5_4,가구 구성원 No.4_주민등록상 등재여부,1. 등재
,,2. 비등재
Q46_A5_5,가구 구성원 No.5_주민등록상 등재여부,1. 등재
,,2. 비등재
Q46_A5_6,가구 구성원 No.6_주민등록상 등재여부,1. 등재
,,2. 비등재
Q46_A5_7,가구 구성원 No.7_주민등록상 등재여부,1. 등재
,,2. 비등재
Q46_A5_8,가구 구성원 No.8_주민등록상 등재여부,1. 등재
,,2. 비등재
Q46_A5_9,가구 구성원 No.9_주민등록상 등재여부,1. 등재
,,2. 비등재
Q46_A5_10,가구 구성원 No.10_주민등록상 등재여부,1. 등재
,,2. 비등재
Q46_A5_11,가구 구성원 No.11_주민등록상 등재여부,1. 등재
,,2. 비등재
Q46_A6_1,가구 구성원 No.1_실제 동거여부,1. 동거
,,2. 비동거
Q46_A6_2,가구 구성원 No.2_실제 동거여부,1. 동거
,,2. 비동거
Q46_A6_3,가구 구성원 No.3_실제 동거여부,1. 동거
,,2. 비동거
Q46_A6_4,가구 구성원 No.4_실제 동거여부,1. 동거
,,2. 비동거
Q46_A6_5,가구 구성원 No.5_실제 동거여부,1. 동거
,,2. 비동거
Q46_A6_6,가구 구성원 No.6_실제 동거여부,1. 동거
,,2. 비동거
Q46_A6_7,가구 구성원 No.7_실제 동거여부,1. 동거
,,2. 비동거
Q46_A6_8,가구 구성원 No.8_실제 동거여부,1. 동거
,,2. 비동거
Q46_A6_9,가구 구성원 No.9_실제 동거여부,1. 동거
,,2. 비동거
Q46_A6_10,가구 구성원 No.10_실제 동거여부,1. 동거
,,2. 비동거
Q46_A6_11,가구 구성원 No.11_실제 동거여부,1. 동거
,,2. 비동거
Q46_A7_1,가구 구성원 No.1_장애여부,1. 중증장애인
,,2. 경증장애인
,,3. 비등록장애인
,,4. 해당없음
Q46_A7_2,가구 구성원 No.2_장애여부,1. 중증장애인
,,2. 경증장애인
,,3. 비등록장애인
,,4. 해당없음
Q46_A7_3,가구 구성원 No.3_장애여부,1. 중증장애인
,,2. 경증장애인
,,3. 비등록장애인
,,4. 해당없음
Q46_A7_4,가구 구성원 No.4_장애여부,1. 중증장애인
,,2. 경증장애인
,,3. 비등록장애인
,,4. 해당없음
Q46_A7_5,가구 구성원 No.5_장애여부,1. 중증장애인
,,2. 경증장애인
,,3. 비등록장애인
,,4. 해당없음
Q46_A7_6,가구 구성원 No.6_장애여부,1. 중증장애인
,,2. 경증장애인
,,3. 비등록장애인
,,4. 해당없음
Q46_A7_7,가구 구성원 No.7_장애여부,1. 중증장애인
,,2. 경증장애인
,,3. 비등록장애인
,,4. 해당없음
Q46_A7_8,가구 구성원 No.8_장애여부,1. 중증장애인
,,2. 경증장애인
,,3. 비등록장애인
,,4. 해당없음
Q46_A7_9,가구 구성원 No.9_장애여부,1. 중증장애인
,,2. 경증장애인
,,3. 비등록장애인
,,4. 해당없음
Q46_A7_10,가구 구성원 No.10_장애여부,1. 중증장애인
,,2. 경증장애인
,,3. 비등록장애인
,,4. 해당없음
Q46_A7_11,가구 구성원 No.11_장애여부,1. 중증장애인
,,2. 경증장애인
,,3. 비등록장애인
,,4. 해당없음
Q46_1,문46-1. 귀 댁의 가구원수는 총 몇 명입니까? 귀하를 포함하여 실제로 이 가구에서 함께 살고 있는 인원을 말씀해주십시오.,
Q47,문47. 귀하께서는 결혼하신지 얼마나 되셨습니까?,1. 10년 미만
,,2. 10년 이상
Q47_1,문47-1. 결혼하신 연도를 선택해주십시오.,1. 2022
,,2. 2021
,,3. 2020
,,4. 2019
,,5. 2018
,,6. 2017
,,7. 2016
,,8. 2015
,,9. 2014
,,10. 2013
,,11. 2012
Q48,문48. 귀 가구는 국민기초생활보장급여(맞춤형 급여) 수급가구입니까?,1. 예
,,2. 아니오
Q48_1,문48-1. 귀 가구는 어떤 급여를 받고 계십니까? 현재 받고 계신 모든 급여에 응답해주십시오.,1. 생계급여
,,2. 의료급여
,,3. 주거급여
,,4. 교육급여
Q48_1_M2,(M)2 문48-1. 귀 가구는 어떤 급여를 받고 계십니까? 현재 받고 계신 모든 급여에 응답해주십시오.,1. 생계급여
,,2. 의료급여
,,3. 주거급여
,,4. 교육급여
Q48_1_M3,(M)3 문48-1. 귀 가구는 어떤 급여를 받고 계십니까? 현재 받고 계신 모든 급여에 응답해주십시오.,1. 생계급여
,,2. 의료급여
,,3. 주거급여
,,4. 교육급여
Q48_1_M4,(M)4 문48-1. 귀 가구는 어떤 급여를 받고 계십니까? 현재 받고 계신 모든 급여에 응답해주십시오.,1. 생계급여
,,2. 의료급여
,,3. 주거급여
,,4. 교육급여
Q49_1_1,문49. 지난 1년간의 월평균 가구 소득_1) 근로/사업소득(만원),9999999. 모름/무응답
Q49_1_2,문49. 지난 1년간의 월평균 가구 소득_2) 재산소득(만원),9999999. 모름/무응답
Q49_1_3,문49. 지난 1년간의 월평균 가구 소득_3) 사회보험 수혜금(만원),9999999. 모름/무응답
Q49_1_4,문49. 지난 1년간의 월평균 가구 소득_4) 정부 보조금(만원),9999999. 모름/무응답
Q49_1_5,문49. 지난 1년간의 월평균 가구 소득_5) 사적이전소득(만원),9999999. 모름/무응답
Q49_1_6,문49. 지난 1년간의 월평균 가구 소득_6) 월평균 총 경상소득(만원),9999999. 모름/무응답
Q49_1_1_1,문49-1-7. 가구의 월평균 근로사업소득이 맞벌이를 통해 얻은 소득입니까?,1. 예
,,2. 아니오
Q49_2,문49-2. 지난 1년간의 비경상 가구 소득_연총액(만원),9999999. 모름/무응답
Q50_1,문50. 귀 가구의 다음 생활비는 얼마입니까? 지난 1년간의 평균 금액으로 말씀해 주십시오._1) 월평균 총 생활비(만원),9999999. 모름/무응답
Q50_1_1,문50. 귀 가구의 다음 생활비는 얼마입니까? 지난 1년간의 평균 금액으로 말씀해 주십시오._1)-(1) 동절기 월평균 주거관리비(12월~3월),9999999. 모름/무응답
Q50_1_2,"문50. 귀 가구의 다음 생활비는 얼마입니까? 지난 1년간의 평균 금액으로 말씀해 주십시오._1)-(2) 간절기 월평균 주거관리비(4,5,10,11월)",9999999. 모름/무응답
Q50_1_3,문50. 귀 가구의 다음 생활비는 얼마입니까? 지난 1년간의 평균 금액으로 말씀해 주십시오._1)-(3) 하절기 월평균 주거관리비(6월~9월),9999999. 모름/무응답
Q50_1_4,문50. 귀 가구의 다음 생활비는 얼마입니까? 지난 1년간의 평균 금액으로 말씀해 주십시오._1)-(4) 월 평균 주거관리비,9999999. 모름/무응답
Q50_2,문50. 귀 가구의 다음 생활비는 얼마입니까? 지난 1년간의 평균 금액으로 말씀해 주십시오._2) 월평균 사적 비소비지출(만원),9999999. 모름/무응답
Q51,문51. 귀 댁이 현재 거주하고 있는 주택의 주거관리비 부담 정도는 어느 정도 입니까?,1. 매우 부담됨
,,2. 약간 부담됨
,,3. 별로 부담되지 않음
,,4. 전혀 부담되지 않음
Q52_1,문52. 귀 가구의 총 자산은 어느 정도입니까?_1) 총 부동산 자산(만원),9999999. 모름/무응답
Q52_1_1,문52. 귀 가구의 총 자산은 어느 정도입니까?_1-1) 총 주택자산(만원),9999999. 모름/무응답
Q52_2,문52. 귀 가구의 총 자산은 어느 정도입니까?_2) 총 금융자산(만원),9999999. 모름/무응답
Q52_3,문52. 귀 가구의 총 자산은 어느 정도입니까?_3) 총 기타자산(만원),9999999. 모름/무응답
Q52_4,문52. 귀 가구의 총 자산은 어느 정도입니까?_4) 총 자산(만원),9999999. 모름/무응답
Q53,문53. 현재 귀 가구는 부채가 있습니까?,1. 있다
,,2. 없다
Q53_1_1,문53-1. 현재 귀 댁의 부채는 얼마입니까?_1) 금융기관 대출금(만원),9999999. 모름/무응답
Q53_1_2,문53-1. 현재 귀 댁의 부채는 얼마입니까?_2) 비금융기관 대출금(만원),9999999. 모름/무응답
Q53_1_3,문53-1. 현재 귀 댁의 부채는 얼마입니까?_3) 부동산 소유자로서 받는 임대 보증금(만원),9999999. 모름/무응답
Q53_1_4,문53-1. 현재 귀 댁의 부채는 얼마입니까?_4) 총 부채(만원),9999999. 모름/무응답
DQ1,배문1. 가구주께서는 학교를 어디까지 마치셨습니까? 최종 졸업 학력 기준으로 응답해 주십시오.,1. 초등학교 졸업 이하
,,2. 중학교 졸업
,,3. 고등학교 졸업
,,4. 대학 졸업
,,5. 대학원 졸업 이상
DQ2,배문2. 가구주께서는 지난 1주간 1시간 이상 소득을 얻는 일을 하였거나 무급(무보수)으로 일을 하신 적이 있습니까?,1. 있다
,,2. 없다
DQ2_1,배문2-1. 지난 1주간 어떤 일을 하셨습니까?,1. 관리자
,,2. 전문가 및 준전문가
,,3. 사무업무
,,4. 서비스업
,,5. 판매업
,,6. 농림어업
,,7. 기능적 업무(가공 등)
,,8. 장치ㆍ기계 조작 및 조립
,,9. 단순노무
,,10. 군인ㆍ군무원
DQ2_2,배문2-2. 다음 중 어떤 근무형태에 해당하십니까?,1. 상용근로자
,,2. 임시ㆍ일용 근로자
,,3. 고용원이 있는 사업자
,,4. 고용원이 없는 자영자
,,5. 무급가족종사자
DQ2_3,배문2-3. 귀하의 현재 고용형태는 무엇입니까?,1. 정규직
,,2. 비정규직
DQ2_3_1,배문2-3-1. 다음 중 어디에 해당하십니까?(풀타임/파트타임),1. 풀타임(full-time)
,,2. 파트타임(part-time)
DQ2_6,배문2-6. 가구주께서는 다음 중 어디에 해당하십니까?,1. 주부
,,2. 학생
,,3. 무직
,,4. 은퇴자
,,5. 기타
NMQ2,문2. (무주택 가구인 경우) 내 집을 구입할 계획이 있으십니까? 현재의 자금과 소득 및 소비수준을 고려하여 응답해주십시오.,1. 예
,,2. 아니오
NMQ2_1,"문2-1. 현재의 자금과 소득 및 소비수준을 고려할 때, 내 집을 구입하는 데에 향후 몇 년이 걸릴 것으로 예상하십니까?",1. 1년 미만
,,2. 1년 이상~3년 미만
,,3. 3년 이상~5년 미만
,,4. 5년 이상~10년 미만
,,5. 10년 이상
NMQ3,문3. 귀 가구는 향후 남편 또는 아내의 부모님과 동거하실 계획이 있으십니까?,1. 예
,,2. 아니오
NMQ3_1,문3-1. 그 이유는 무엇입니까?,"1. 비용(주거비, 생활비 등) 절감을 위해서"
,,"2. 육아,보육에 도움을 받기 위해서"
,,3. 부모님을 부양하기 위해서
,,4. 기타
NMQ3_1_O,(TEXT) 문3-1. (기타오픈) 그 이유는 무엇입니까?,
NMQ4,문4. 귀 가구는 육아를 위해 거주지 근처에 어떤 시설이 필요하다고 생각하십니까? 필요하다고 생각하는 시설에 모두 응답해주십시오.(복수응답),1. 보육시설
,,2. 키즈룸(육아카페)
,,3. 아이돌봄 서비스
,,4. 공동육아나눔터
,,5. 기타
,,6. 해당없음
NMQ4_M2,(M)2 문4. 귀 가구는 육아를 위해 거주지 근처에 어떤 시설이 필요하다고 생각하십니까? 필요하다고 생각하는 시설에 모두 응답해주십시오.(복수응답),1. 보육시설
,,2. 키즈룸(육아카페)
,,3. 아이돌봄 서비스
,,4. 공동육아나눔터
,,5. 기타
NMQ4_M3,(M)3 문4. 귀 가구는 육아를 위해 거주지 근처에 어떤 시설이 필요하다고 생각하십니까? 필요하다고 생각하는 시설에 모두 응답해주십시오.(복수응답),1. 보육시설
,,2. 키즈룸(육아카페)
,,3. 아이돌봄 서비스
,,4. 공동육아나눔터
,,5. 기타
NMQ4_M4,(M)4 문4. 귀 가구는 육아를 위해 거주지 근처에 어떤 시설이 필요하다고 생각하십니까? 필요하다고 생각하는 시설에 모두 응답해주십시오.(복수응답),1. 보육시설
,,2. 키즈룸(육아카페)
,,3. 아이돌봄 서비스
,,4. 공동육아나눔터
,,5. 기타
NMQ4_M5,(M)5 문4. 귀 가구는 육아를 위해 거주지 근처에 어떤 시설이 필요하다고 생각하십니까? 필요하다고 생각하는 시설에 모두 응답해주십시오.(복수응답),1. 보육시설
,,2. 키즈룸(육아카페)
,,3. 아이돌봄 서비스
,,4. 공동육아나눔터
,,5. 기타
NMQ4_O,(TEXT) 문4. (기타오픈) 귀 가구는 육아를 위해 거주지 근처에 어떤 시설이 필요하다고 생각하십니까? 필요하다고 생각하는 시설에 모두 응답해주십시오.(복수응답),
NMQ5,문5. 귀 가구가 가족계획 시 중요하게 고려하는 사항을 순서대로 두 가지 응답해주십시오._1순위,"1. 주택마련, 주거비, 주택규모 등의 주거문제"
,,2. 가계경제 및 고용상태
,,3. 자녀 양육비용 및 교육비용
,,4. 일/가정 양립 가능성
,,5. 가족가치관 및 라이프스타일
,,6. 기타
,,7. 없음
NMQ5_M2,(M)2 문5. 귀 가구가 가족계획 시 중요하게 고려하는 사항을 순서대로 두 가지 응답해주십시오._2순위,"1. 주택마련, 주거비, 주택규모 등의 주거문제"
,,2. 가계경제 및 고용상태
,,3. 자녀 양육비용 및 교육비용
,,4. 일/가정 양립 가능성
,,5. 가족가치관 및 라이프스타일
,,6. 기타
,,7. 없음
NMQ5_O,문5. (기타오픈) 귀 가구가 가족계획 시 중요하게 고려하는 사항을 순서대로 두 가지 응답해주십시오.,
OMQ1_1_1,문1. 주택개조 경험 유무_1) 복도나 계단 안전손잡이_(1) 설치 및 개조 여부,1. 있음
,,2. 없음
OMQ1_1_2,문1. 주택개조 경험 유무_1) 복도나 계단 안전손잡이_(2) 개조 필요성 여부,1. 필요
,,2. 불필요
OMQ1_2_1,문1. 주택개조 경험 유무_2) 화장실이나 욕실 지지대 손잡이_(1) 설치 및 개조 여부,1. 있음
,,2. 없음
OMQ1_2_2,문1. 주택개조 경험 유무_2) 화장실이나 욕실 지지대 손잡이_(2) 개조 필요성 여부,1. 필요
,,2. 불필요
OMQ1_3_1,"문1. 주택개조 경험 유무_3) 열고 닫기 쉬운 화장실/욕실 문손잡이(레버형, 막대형)_(1) 설치 및 개조 여부",1. 있음
,,2. 없음
OMQ1_3_2,"문1. 주택개조 경험 유무_3) 열고 닫기 쉬운 화장실/욕실 문손잡이(레버형, 막대형)_(2) 개조 필요성 여부",1. 필요
,,2. 불필요
OMQ1_4_1,"문1. 주택개조 경험 유무_4) 문턱, 주택 내 계단 등 단차 제거_(1) 설치 및 개조 여부",1. 있음
,,2. 없음
OMQ1_4_2,"문1. 주택개조 경험 유무_4) 문턱, 주택 내 계단 등 단차 제거_(2) 개조 필요성 여부",1. 필요
,,2. 불필요
OMQ1_5_1,문1. 주택개조 경험 유무_5) 미끄럼방지 등 안전한 바닥재_(1) 설치 및 개조 여부,1. 있음
,,2. 없음
OMQ1_5_2,문1. 주택개조 경험 유무_5) 미끄럼방지 등 안전한 바닥재_(2) 개조 필요성 여부,1. 필요
,,2. 불필요
OMQ1_6_1,문1. 주택개조 경험 유무_6) 휠체어가 통행 가능한 넓은 출입문과 복도_(1) 설치 및 개조 여부,1. 있음
,,2. 없음
OMQ1_6_2,문1. 주택개조 경험 유무_6) 휠체어가 통행 가능한 넓은 출입문과 복도_(2) 개조 필요성 여부,1. 필요
,,2. 불필요
OMQ1_7_1,문1. 주택개조 경험 유무_7) 주택 내 응급 비상벨_(1) 설치 및 개조 여부,1. 있음
,,2. 없음
OMQ1_7_2,문1. 주택개조 경험 유무_7) 주택 내 응급 비상벨_(2) 개조 필요성 여부,1. 필요
,,2. 불필요
OMQ1_8_1,문1. 주택개조 경험 유무_8) 적절한 높이의 부엌 작업대_(1) 설치 및 개조 여부,1. 있음
,,2. 없음
OMQ1_8_2,문1. 주택개조 경험 유무_8) 적절한 높이의 부엌 작업대_(2) 개조 필요성 여부,1. 필요
,,2. 불필요
OMQ1_9_1,문1. 주택개조 경험 유무_9) 레버형 수전(수도꼭지)_(1) 설치 및 개조 여부,1. 있음
,,2. 없음
OMQ1_9_2,문1. 주택개조 경험 유무_9) 레버형 수전(수도꼭지)_(2) 개조 필요성 여부,1. 필요
,,2. 불필요
OMQ1_10_1,문1. 주택개조 경험 유무_10) 현관에 보조의자 설치_(1) 설치 및 개조 여부,1. 있음
,,2. 없음
OMQ1_10_2,문1. 주택개조 경험 유무_10) 현관에 보조의자 설치_(2) 개조 필요성 여부,1. 필요
,,2. 불필요
OMQ2,문2. 실제 개조를 못하거나 하지 않고 있다면 그 이유는 무엇입니까?,1. 생활에 큰 불편이 없어서
,,2. 경제적 부담으로
,,3. 주택개조에 대한 정보와 방법을 몰라서
,,4. 주택개조 과정이 번거롭고 엄두가 안나서
,,5. 주택을 개조하면 집값이 하락할까봐 걱정되어서
,,6. 신경 쓸 여유가 없어서
,,7. 기타
OMQ2_O,(TEXT) 문2. (기타오픈) 실제 개조를 못하거나 하지 않고 있다면 그 이유는 무엇입니까?,
CHQ1,문1. 귀 가구는 어떻게 구성되어 있습니까?,1. 양부모+아동 및 청소년(만 18세 미만)
,,2. 한부모+아동 및 청소년(만 18세 미만)
,,3. 조부모+아동 및 청소년(만 18세 미만)
,,4. 기타 친인척+아동 및 청소년(만 18세 미만)
,,5. 아동 및 총소년만(만 18세 미만)
CHQ2,문2. 귀 가구의 아동 및 청소년(만 18세 미만)은 가구 내에서 주로 누가 돌보고 있습니까?,1. 부모
,,2. 조부모
,,3. 형제·자매
,,4. 기타 친인척
,,"5. 베이비시터, 아이돌봄 서비스 등(민간, 정부지원 모두 포함)"
,,6. 보호자 없음
,,7. 보호자 필요 없음
CHQ3,문3. 귀 가구의 아동 및 청소년(만 18세 미만)이 침실을 독립적으로 사용합니까?,1. 예(아동 및 청소년 혼자 사용)
,,2. 아니오
CHQ3_1,문3-1. 아동 및 청소년끼리 사용합니까?,1. 예
,,2. 아니오
CHQ3_2,문3-2. 몇 명이 사용합니까?,
CHQ4,"문4. 귀 가구는 아동 및 청소년(만 18세 미만)이 생활하는데 있어서 주택 내 벌레, 곰팡이 등 위생문제가 있다고 생각하십니까?",1. 예
,,2. 아니오
SQ1,문1. 귀 가구는 최근 2년간 아래의 와 같은 주거불안 상황 중 하나라도 경험한 적이 있습니까?,1. 있다
,,2. 없다
SQ1_1,문1-1. 귀 가구가 경험한 상황을 중 모두 골라주십시오.,1. 3개월 이상 월임대료 연체
,,2. 이사 또는 임대차계약 갱신에 필요한 임대보증금 부족
,,"3. 임대인이 기피하는 대상자(취약계층, 유아동반 등)라는 이유로 주택확보 곤란"
,,4. 3개월 이상 주택담보대출 이자 또는 원리금 상환 연체
,,"5. 주택압류, 재개발, 임대차계약 중도해지 등으로 인한 퇴거(위기)"
,,6. 주택 노후화 또는 열악한 주거환경으로 인한 안전/건강문제 발생(위험)
SQ1_1_M2,(M)2 문1-1. 귀 가구가 경험한 상황을 중 모두 골라주십시오.,1. 3개월 이상 월임대료 연체
,,2. 이사 또는 임대차계약 갱신에 필요한 임대보증금 부족
,,"3. 임대인이 기피하는 대상자(취약계층, 유아동반 등)라는 이유로 주택확보 곤란"
,,4. 3개월 이상 주택담보대출 이자 또는 원리금 상환 연체
,,"5. 주택압류, 재개발, 임대차계약 중도해지 등으로 인한 퇴거(위기)"
,,6. 주택 노후화 또는 열악한 주거환경으로 인한 안전/건강문제 발생(위험)
SQ1_1_M3,(M)3 문1-1. 귀 가구가 경험한 상황을 중 모두 골라주십시오.,1. 3개월 이상 월임대료 연체
,,2. 이사 또는 임대차계약 갱신에 필요한 임대보증금 부족
,,"3. 임대인이 기피하는 대상자(취약계층, 유아동반 등)라는 이유로 주택확보 곤란"
,,4. 3개월 이상 주택담보대출 이자 또는 원리금 상환 연체
,,"5. 주택압류, 재개발, 임대차계약 중도해지 등으로 인한 퇴거(위기)"
,,6. 주택 노후화 또는 열악한 주거환경으로 인한 안전/건강문제 발생(위험)
SQ1_1_M4,(M)4 문1-1. 귀 가구가 경험한 상황을 중 모두 골라주십시오.,1. 3개월 이상 월임대료 연체
,,2. 이사 또는 임대차계약 갱신에 필요한 임대보증금 부족
,,"3. 임대인이 기피하는 대상자(취약계층, 유아동반 등)라는 이유로 주택확보 곤란"
,,4. 3개월 이상 주택담보대출 이자 또는 원리금 상환 연체
,,"5. 주택압류, 재개발, 임대차계약 중도해지 등으로 인한 퇴거(위기)"
,,6. 주택 노후화 또는 열악한 주거환경으로 인한 안전/건강문제 발생(위험)
SQ1_1_M5,(M)5 문1-1. 귀 가구가 경험한 상황을 중 모두 골라주십시오.,1. 3개월 이상 월임대료 연체
,,2. 이사 또는 임대차계약 갱신에 필요한 임대보증금 부족
,,"3. 임대인이 기피하는 대상자(취약계층, 유아동반 등)라는 이유로 주택확보 곤란"
,,4. 3개월 이상 주택담보대출 이자 또는 원리금 상환 연체
,,"5. 주택압류, 재개발, 임대차계약 중도해지 등으로 인한 퇴거(위기)"
,,6. 주택 노후화 또는 열악한 주거환경으로 인한 안전/건강문제 발생(위험)
SQ1_1_M6,(M)6 문1-1. 귀 가구가 경험한 상황을 중 모두 골라주십시오.,1. 3개월 이상 월임대료 연체
,,2. 이사 또는 임대차계약 갱신에 필요한 임대보증금 부족
,,"3. 임대인이 기피하는 대상자(취약계층, 유아동반 등)라는 이유로 주택확보 곤란"
,,4. 3개월 이상 주택담보대출 이자 또는 원리금 상환 연체
,,"5. 주택압류, 재개발, 임대차계약 중도해지 등으로 인한 퇴거(위기)"
,,6. 주택 노후화 또는 열악한 주거환경으로 인한 안전/건강문제 발생(위험)
SQ2_1,"문2-1. 귀 가구는 최근 2년 내 현재 주택을 개보수한 적이 있습니까? 간단한 도배, 전구 및 수선교체, 미관상의 이유로 진행한 인테리어 및 조경은 제외하고 응답해 주십시오.",1. 있다
,,2. 없다
SQ2_2,문2-2. 현재 주택에 개보수가 필요한 상황입니까? 과거 개보수 여부에 상관없이 현재 개보수가 필요한지에 대해 응답해주십시오.,1. 필요하다
,,2. 필요하지 않다
SQ2_2_1,문2-2-1. 향후 주택 개보수가 필요한 부분은 어디입니까? 중요한 순서대로 두 가지를 골라주십시오._1순위,1. 주택의 증축 또는 개축
,,"2. 부엌, 화장실, 욕실 등의 보수공사"
,,"3. 천장, 벽, 바닥 등의 내장 보수공사"
,,"4. 지붕, 옥상, 발코니, 외벽 등의 보수공사"
,,5. 기둥 등 구조보강공사
,,6. 이중창 등 단열 및 결로방지 공사
,,7. 기타 보수공사
,,8. 없음
SQ2_2_1_M2,문2-2-1. 향후 주택 개보수가 필요한 부분은 어디입니까? 중요한 순서대로 두 가지를 골라주십시오._2순위,1. 주택의 증축 또는 개축
,,"2. 부엌, 화장실, 욕실 등의 보수공사"
,,"3. 천장, 벽, 바닥 등의 내장 보수공사"
,,"4. 지붕, 옥상, 발코니, 외벽 등의 보수공사"
,,5. 기둥 등 구조보강공사
,,6. 이중창 등 단열 및 결로방지 공사
,,7. 기타 보수공사
,,8. 없음
SQ2_2_1_O,(TEXT) (기타오픈) 문2-2-1. 향후 주택 개보수가 필요한 부분은 어디입니까? 중요한 순서대로 두 가지를 골라주십시오,
SQ3,문3. 현재 거처에서 생활함에 있어 안전상 가장 취약한 부분은 무엇입니까?,1. 물리적 구조에 의한 안전사고 위험
,,2. 화재 위험
,,3. 침수·붕괴 등 재해위험
,,4. 도난·강도 등 범죄 위험
,,5. 사생활 침해
,,6. 기타
,,7. 없음
SQ3_O,(기타오픈) 문3. 현재 거처에서 생활함에 있어 안전상 가장 취약한 부분은 무엇입니까?,
SQ4,문4. 현재 거주하시는 동네에서 일상적으로 겪는 불편함이 있습니까?,1. 그렇다
,,2. 그렇지 않다
SQ4_1,문4-1. 귀하께서 불편함을 느끼는 주된 원인을 아래의 보기에서 중요한 순서대로 두 가지를 골라주십시오.,"1. 전기, 상·하수도 등 기반시설 노후·부재"
,,2. 교통 불편
,,"3. 시장, 은행 등 편의시설 이용 불편"
,,4. 비위생적인 주변환경
,,5. 열악한 보육·교육 여건
,,6. 지역 방범·치안 불안정
,,7. 철거·퇴거 위협 등 주거안정 침해
,,8. 기타
SQ4_1_M2,문4-1. 귀하께서 불편함을 느끼는 주된 원인을 아래의 보기에서 중요한 순서대로 두 가지를 골라주십시오._2순위,"1. 전기, 상·하수도 등 기반시설 노후·부재"
,,2. 교통 불편
,,"3. 시장, 은행 등 편의시설 이용 불편"
,,4. 비위생적인 주변환경
,,5. 열악한 보육·교육 여건
,,6. 지역 방범·치안 불안정
,,7. 철거·퇴거 위협 등 주거안정 침해
,,8. 기타
SQ4_1_O,(TEXT) (기타오픈) 문4-1. 귀하께서 불편함을 느끼는 주된 원인을 아래의 보기에서 중요한 순서대로 두 가지를 골라주십시오.,
SQ5_1,문5. 주거지원의 필요성_1) 가능한 주거 대안에 대한 상담,1. 매우 불필요
,,2. 약간 불필요
,,3. 약간 필요
,,4. 매우 필요
SQ5_2,문5. 주거지원의 필요성_2) 주택을 구하는 과정에 대한 지원,1. 매우 불필요
,,2. 약간 불필요
,,3. 약간 필요
,,4. 매우 필요
SQ5_3,문5. 주거지원의 필요성_3) 초기 정착 지원,1. 매우 불필요
,,2. 약간 불필요
,,3. 약간 필요
,,4. 매우 필요
SQ5_4,문5. 주거지원의 필요성_4) 거주 유지를 위한 지원,1. 매우 불필요
,,2. 약간 불필요
,,3. 약간 필요
,,4. 매우 필요
D_WGT1,설계가중치,
G_WGT,최종가중치_기타(비주택+주택이외),
